level,type,Region/economy,1990,1991,1992,1993,1994,1995,1996,1997,1998,1999,2000,2001,2002,2003,2004,2005,2006,2007,2008,2009,2010,2011,2012,2013,2014,2015,2016,2017,2018,2019,2020,2021,2022
1,region,World,243874.7458,198856.8073,206048.8494,237527.5528,287274.5252,361243.83,394444.5378,465285.3632,679497.7462,1077161.559,1162491.561,681550.3926,496583.0176,527533.4596,908071.6379,838261.1777,1360910.094,2190947.808,1714124.163,1185910.202,1391288.501,1628513.802,1289183.259,1456500.929,1370142.007,1709884.462,1530619.795,1593101.509,1014749.57,1400769.562,731853.648,1729075.99,1489755.624
2,region,Developed economies,231899.9699,189353.8016,185050.0536,204706.1521,244198.8489,312967.2536,339129.9744,405617.2024,642291.2142,1026813.524,1078543.139,626614.1927,460217.8655,491830.0319,801138.9464,735001.1293,1172009.158,1934734.885,1457056.899,954802.8551,1054422.038,1270592.679,959180.7734,1063929.72,942602.7554,1318338.196,1144730.017,1145392.134,637811.9347,1002376.737,349933.0175,1244182.905,1030865.313
3,region,Europe,140954.8678,115352.9952,114893.3022,105635.1083,136072.0315,178042.1253,207854.1153,251371.3724,444405.7282,771547.7109,848016.4872,414548.6638,254867.0849,287682.8872,412820.3887,672124.8551,802250.0083,1357351.355,882899.1389,517995.1411,628950.4278,673160.8295,421997.828,533189.5906,367174.8828,825115.2673,587777.5568,527156.4172,539712.7564,618232.5377,-38460.62978,573222.5066,224283.4796
4,region,European Union,114236.2758,90925.66371,87278.29949,67809.09275,88545.67021,114255.6158,148231.8937,164424.369,298999.4061,526688.8287,558833.2985,337323.4021,183973.9206,194349.3305,263880.2773,491131.7863,594184.4182,905185.6251,563731.9987,405263.0449,435566.526,461548.8967,309550.6381,372959.5647,446114.088,756172.4706,497815.6073,324043.7112,343806.6387,617348.1551,63582.1927,476547.5594,96167.27617
5,country,Austria,1701,1293,1760.037229,1178.548218,1241.01585,1083.553079,1889.079775,1998.372652,2768.044225,3300.911864,5509.489589,3021.896896,5780.433862,6859.781905,8029.899487,11145.10272,11974.04223,35839.90978,28708.18455,10998.38939,9585.439037,21912.7925,13109.40191,15572.64188,-727.1923837,7028.557601,-2033.498539,10251.11358,5611.767314,12485.95042,6755.743319,18291.14579,-142.5910234
5,country,Belgium,0,0,0,0,0,0,0,0,0,0,0,0,12277.06931,38322.45715,34018.11601,32658.06099,50684.88511,80127.23127,17289.33973,21961.73332,576.1246018,49231.60331,41540.85731,40686.63258,10028.8284,55199.15677,40204.99878,29626.8682,43580.79861,6111.213108,10373.42977,33012.65296,24202.21056
5,country,Belgium / Luxembourg,6314.44,6270.93,11407,4903.56,1371.38,11603,8026.12,7252.12,28845.3,122304.174,86361.71,100646.089,0,0,0,0,0,0,0,0,0,0,0,0,0,0,0,0,0,0,0,0,0
5,country,Bulgaria,-2.5059999,-6.07,-2.714,-3.2109999,0.18,-8,-28.5,-1.901785319,0.1143511859,17.43077921,3.040353694,7.785165144,27.29283328,26.29695926,-205.6210537,309.7796348,176.7566842,282.2191015,764.7855861,-94.88180048,313.2427679,399.093765,325.1238288,186.744491,267.638604,137.9942596,405.077717,330.5626499,248.6053354,449.4481062,246.2587833,351.1708926,388.7253635
5,country,Croatia,0,0,0,17.77577927,6.765991495,7.052791294,26.29396971,251.0787556,162.6331715,64.31181616,47.73607407,145.0966882,589.3021505,143.0278884,402.741597,267.3270159,324.197757,383.4473886,1542.295072,1175.990498,99.06971724,297.7841276,-52.02060928,-77.80677336,1980.223028,-140.0382004,-1938.416905,-724.7506016,202.5341178,-115.9164294,39.96592257,1117.908986,-272.4737686
5,country,Cyprus,4.5839999,14.6419999,14.6809999,12.2639999,6.0949999,15.693,35.17,28.01079141,70.72284524,180.4763767,168.6124931,245.4431786,508.7649985,571.9535158,8517.847026,11016.95065,16806.25058,23840.7202,14370.46598,63108.93139,33871.86378,43625.71261,68870.49395,26182.91573,60907.32429,39279.94701,8689.646364,8931.864155,-6941.00756,51415.48475,-32964.92574,-40911.32936,-1286.416998
5,country,Czechia,0,0,21,90.1662962,119.620915,36.60792669,152.8832304,25.2378669,127.0770603,89.89505108,42.84374482,165.3516602,206.4633383,206.1646992,1014.299722,-18.74159967,1467.967215,1620.192474,4323.101074,949.4733231,1166.815109,-327.3978718,1790.20733,4019.162867,1619.53163,2487.443468,2181.805996,7560.010489,8662.556097,4128.152732,2989.69437,7734.382998,2473.660255
5,country,Czechoslovakia (former),19.6,14.32,0,0,0,0,0,0,0,0,0,0,0,0,0,0,0,0,0,0,0,0,0,0,0,0,0,0,0,0,0,0,0
5,country,Denmark,1482.23,1851.99,2236.05,1373,4161.78,3070.129249,2517.818741,4209.276761,4477.05732,17014.89628,26549.0886,13360.85606,5700.01938,1138.490544,-10365.44451,12979.93733,13966.72165,12985.04014,15210.98442,4193.449384,1371.632516,11409.41679,7420.732398,7039.249792,8257.383469,9420.01305,10110.49182,11507.3854,-3970.944249,36424.90899,9959.872531,27371.38652,3791.326133
5,country,Estonia,0,0,1.906562017,6.08919975,2.2600885,2.485219353,39.36223029,138.6931095,5.829668303,84.4851042,61.42067431,201.7870086,131.6305115,155.0267823,268.9126595,662.8339178,1016.793009,1684.142244,1141.800598,1375.00248,167.1303061,-1454.065637,1053.539601,437.3811435,-97.04537484,276.9588295,477.2941865,253.3828538,-45.76917399,1890.770768,238.6673204,-600.2424878,874.2291381
5,country,Finland,2217.36196,-104.4141373,-736.1911425,1585.432058,4490.81274,1438.524826,3527.099626,5235.398383,18788.4447,6615.129333,24030.25889,8370.42532,7371.201355,-2279.472345,-1079.522949,4222.603592,4804.921588,7202.891385,9296.590618,5681.083236,10167.17679,5011.066858,7543.421895,-2307.442725,1744.746456,-16083.58149,24276.63767,-573.7734549,11455.26777,4865.23762,5856.042106,9463.106775,15453.48475
5,country,France,38302.21284,26786.93132,31854.06247,19716.12619,24538.6148,15681.73494,30123.53392,35905.979,49016.29953,126854.4374,161947.6691,52823.68838,23299.60943,18440.6016,22964.74269,68057.00642,76766.84551,110643.0271,103281.1235,100865.7582,48154.80932,51414.9078,35440.33489,20374.52686,49849.48427,53217.91213,64847.89245,35984.6816,102041.6358,43812.98912,21610.36018,44672.10885,48026.37676
5,country,Germany,24234.82265,22937.18741,18599.51334,17196.16892,18859.38415,39048.61387,50804.7077,41798.14424,88824.87057,108688.3821,57085.94435,39889.42202,18942.59282,5568.085423,20311.54073,74543.06571,116680.1833,169319.8807,71506.73161,68541.04992,125450.8142,77928.90298,62164.49054,39530.25965,86714.76094,88779.91457,70787.91371,86077.77025,97116.75044,151078.4114,50624.8341,165178.0805,142979.7941
5,country,Greece,10.706,-25.741,46.4979999,-22.4319999,15.786,41.5949999,-25.3679999,155.663,-275.6,552.1,2136.539525,616.1018693,652.4747071,412.2866617,1029.222775,1467.815749,4045.081109,5245.963117,2417.548614,2055.031444,1557.258177,1772.421127,677.5074715,-785.5767315,3019.14365,1578.164873,-1666.990119,168.3397488,476.8722407,641.5321379,548.5780543,1109.220205,2880.679132
5,country,Hungary,0,0,0.155,10.705,48.9979999,59.09325992,-3.639115083,461.4864901,278.1252041,249.9780726,620.4809713,408.8351886,536.3271431,2152.091734,1394.742059,2243.951859,4437.677065,4431.954081,2678.729851,1878.737486,1233.425186,4792.273361,11786.86451,1941.892021,3854.387736,-16109.68752,-8272.106348,1219.996937,3363.583135,3179.656627,4427.980268,4014.117145,4241.182203
5,country,Ireland,363.884,193.144,214.387,220.008,436.7149999,820.864,727.9669999,759.8068956,3904.756673,6108.922927,4628.70831,4065.288006,11025.36351,5549.448441,18068.82594,14312.54042,15323.5124,21145.90262,18948.98744,26615.52589,22348.33685,-1164.932474,22546.74969,29177.2362,41233.90857,168479.9734,30085.67444,-2048.10158,5153.689541,32083.02921,-52474.79743,58045.35573,5340.008256
5,country,Italy,7613.528,7326.115,5946.708,7221.316,5109.541,5731.796,6465.318,12242.238,16079.357,6721.52,6685.91487,16003.33957,11371.59851,2173.60959,14282.83573,39362.28424,43796.51781,96230.96527,66999.67041,21275.47257,32685.29955,53667.29918,8007.251758,25141.22954,26361.37792,21644.29158,16180.73543,24530.90227,31542.13885,19786.71766,-2117.632546,27964.71649,-1874.426089
5,country,Latvia,0,0,2.2999999,-4.810959926,-63.29254113,-66.25687333,2.977757422,6.085206665,54.598505,16.67216367,9.655426571,14.17436971,2.823396546,45.14499444,104.3005345,128.0903348,170.6097165,369.5400458,243.1610942,-62.51363144,41.05715553,61.16590557,192.7292257,411.7139252,542.0270216,71.00854322,160.5012065,141.2094305,206.667202,-104.1111594,264.9896174,2320.53687,143.2145776
5,country,Lithuania,0,0,0,0,0,1,0.1075,26.975,4.1825,8.6225,3.697499975,7.0975,16.65234321,37.99573324,262.8745972,393.2746356,308.8914006,554.1732021,614.0696525,554.8987765,42.24913747,749.4491593,540.9009963,131.9343914,58.98529353,377.1774104,43.15822098,80.31992409,704.2273481,1746.515075,2874.189326,1328.347688,366.029081
5,country,Luxembourg,0,0,0,0,0,0,0,0,0,0,0,0,10217.47479,850.6957555,6773.195,8211.019215,10035.0305,71293.66503,11506.1574,8268.305728,23252.71739,10715.79818,-13397.25091,46620.62554,43420.61563,31919.44968,-1240.840362,15019.03503,21857.12329,176767.3149,148011.5499,52174.23187,-264952.2337
5,country,Malta,0,0,0,0.8684529244,3.106469077,1.288736443,72.85493902,33.83717737,21.26345029,58.32987971,20.02948213,8.74002255,-26.23025053,544.7790441,8729.633148,14262.71216,7528.946322,18682.86758,13982.82228,-4447.904057,-409.8865631,9699.158691,2600.591293,2661.974633,2280.805867,5269.055808,5408.622789,7249.127326,7401.047744,6959.630618,7235.383881,7499.493787,6690.422736
5,country,Netherlands,14371.94377,13484.54395,13153.77156,9930.079593,17242.57293,19223.04191,31181.99699,24618.08363,36822.53929,57610.42459,75634.42049,50593.01483,32017.59917,55888.26162,40743.14131,119688.355,72582.76767,55605.10129,68491.59556,26272.39551,68358.17733,34793.94736,17935.12477,69722.95637,59435.38852,235824.9663,183946.4245,18597.69678,-46904.80109,14379.01482,-189473.7981,23506.5365,-1654.336485
5,country,Poland,5.357,-7,13,18,29.0457162,42.06220257,53.03957568,45.13172059,317.6612764,31.0049381,17.02687716,-210.8227603,136.0182409,-300.4549843,165.8624616,1346.738924,3857.455362,1680.183424,1858.589803,1806.360582,6147.180488,1026.444133,2900.993079,-451.20894,2898.108758,4995.543175,11599.98783,2169.485067,891.0443426,1854.077812,850.928087,1819.070684,2183.743487
5,country,Portugal,147.5944886,413.8300218,600.8551878,138.3466183,282.4658755,678.4727672,711.7745127,2072.803109,4058.278746,3191.346509,8054.996315,6279.834632,-313.4986589,6770.969286,4086.548315,2628.359313,4497.682277,7355.900661,695.9042329,879.5693885,-10065.05893,13618.70139,-8471.773091,770.3352642,-3264.51514,4810.764506,879.2528605,-929.9464666,1374.890131,4010.481315,2525.659452,1468.186099,2713.902431
5,country,Romania,18,3,4,7,0.01,2,0.01,-9,-9,15.98078896,-12.89847061,15.21239184,20.704908,117.3769855,154.2157904,-39.79505546,422.7608416,277.8393678,276.0347164,-96.25710051,-50.06456569,-26.47093577,-114.2781518,-280.7756159,-373.9853598,562.4320426,4.615793208,-96.59854712,379.0040294,362.5755086,53.08929922,141.1009422,1134.838631
5,country,Slovakia,0,0,0,12.77234673,17.69397843,-41.39546467,56.53477394,95.10295631,-192.2075272,551.9306391,40.6430808,92.67478591,15.61997082,339.7081826,-28.12016899,191.4316271,632.3762045,672.8352481,550.1080309,904.406933,946.1250654,713.1986293,8.364448396,-312.984926,42.81282797,5.948796183,95.55079365,1325.384598,321.6946238,43.27605802,348.1014865,388.6047695,432.9576748
5,country,Slovenia,0,0,-1.8,1.3,-12.96577155,-10.20247986,7.110596312,31.41291184,-5.493341286,47.6227511,66.08715672,144.2868519,151.6041597,475.1420374,545.7513053,628.608914,838.916829,1578.874901,1408.418354,214.0188902,-18.08766365,198.3248883,-258.845629,-213.8191852,275.552045,267.3977957,289.8588834,338.3856448,280.8638058,609.6911705,518.8244627,1303.035161,336.4167186
5,country,Spain,2685.284631,3424.604522,1734.411448,2842.00166,3936.943528,4577.435515,6842.110476,14396.60673,20375.91159,44382.27432,58213.26516,33106.36066,32714.7259,28717.45554,60531.68191,41829.47073,104248.0264,137051.7096,74717.21097,13070.24032,37843.80269,41164.16929,-3981.857756,13854.83764,36464.60218,46700.32176,40910.09719,38214.66093,37944.09829,26195.8566,38124.03342,751.2058039,39443.40076
5,country,Sweden,14746.23242,7054.650622,408.6678354,1358.01838,6701.140492,11215.42631,5025.529529,12647.72642,24478.63927,21927.56852,40906.91796,7301.422824,10600.28273,21422.4058,23158.05516,28633.00188,26788.60163,39079.44789,30907.5875,27318.77677,20729.87657,30318.13156,29370.98341,32924.92904,9319.18919,10171.3844,1381.220954,28838.69896,20852.30079,16286.24615,26135.17093,27033.42724,62253.15152
4,region,Other Europe,26718.59203,24427.33146,27615.00273,37826.01556,47526.36131,63786.50949,59622.22158,86947.00334,145406.3221,244858.8822,289183.1887,77225.26167,70893.16433,93333.55664,148940.1114,180993.0688,208065.5902,452165.7297,319167.1403,112732.0962,193383.9018,211611.9328,112447.1899,160230.026,-78939.2052,68942.79674,89961.94952,203112.706,195906.1176,884.382582,-102042.8225,96674.9472,128116.2035
5,country,Albania,0,0,0,0,0,0,0,0,0,0,0,0,0,0,13.65840333,4.10386497,10.38712085,23.89692296,81.13670487,39.19882516,6.381076492,29.77667494,23.03499706,39.8167209,33.35857465,37.66781316,64.20048261,26.1858768,82.54898024,127.8328311,87.52652752,63.0873785,163.2751489
5,country,Belarus,0,0,0,1.8648435,6.023764,0.26,-1.0346124,0,2.2691772,0.8,0.2,0.3,-206.2,1.5,1.3,2.5,2.9999999,15.2,30.6,102.3,50.6,125.5,121.1999999,245.7,38.9999999,122.2,113.8,70,49.7,16,87.9,-71.49236,173.04367
5,country,Bosnia and Herzegovina,0,0,0,0,0,0,0,0,0,0,0,0,0,0,1.523654676,0.4450887634,4.105011321,28.01259622,16.53085673,5.533813011,45.63362535,17.53735049,62.3087484,44.47642646,18.38458251,72.67634061,38.61798268,78.51699012,1.795423857,34.60664472,62.05137111,43.50247284,43.14326019
5,country,Iceland,11.56410529,28.67976466,6.325385475,14.33364101,23.76173075,24.82544129,63.62406015,54.79216352,73.7052607,120.6188403,389.6412812,344.1122673,323.7775429,376.5920557,2565.018371,7072.419449,5472.812767,10108.68785,-4252.949758,2248.742296,-2367.85442,17.65355227,-3205.641214,460.2654345,-257.0182209,-31.25910927,-1147.339319,-208.2374536,75.96478883,478.8316182,-426.7779453,-29.74276641,-231.3795289
5,country,"Moldova, Republic of",0,0,0,0,17.8,0.52,0.56,0.45,-0.74,0.06,0.08,0.12,0.45,0.11,-1.6,-0.16,-0.93,17.3599999,16.0799999,5.4,2.87,22.52,16.84,22.09,36.62,18.74,9.12,12.94,37.5,40.27,-1.97,28.09,50.64
5,country,Montenegro,0,0,0,0,0,0,0,0,0,0,0,0,0.1016422757,5.725495748,2.588515766,4.418494628,32.79219109,157.3364648,107.9635257,45.69051863,29.21680152,17.14591544,26.67372484,17.32784381,27.44941732,12.27560191,-184.8796794,11.42666712,108.9743387,75.47976213,-5.158902395,10.98582604,52.5985151
5,country,North Macedonia,0,0,0,0,0,0,0,0.0739719,0.010099,0.302874,-0.6028,0.8722,0.1045,0.3148863362,1.17813538,2.870095259,0.1718880349,-1.20061371,-13.87579888,11.20227327,4.773359204,-0.2948655393,-25.56688347,30.31219204,10.23229843,15.46306668,23.85455713,1.979833034,12.24852794,39.7203328,53.36146982,98.15026482,88.04618881
5,country,Norway,1583.292597,1448.725424,-120.2027516,718.481336,2171.849274,2856.281451,6104.675952,5289.111318,2542.312229,5832.543719,8221.917235,-1183.876152,5271.062078,3621.921353,3219.188142,17184.78851,15137.68978,8851.573016,22020.03546,20417.98061,19250.94761,18094.0333,20671.76622,8871.659574,19260.76738,30947.76028,3091.904762,-2220.470594,11408.17707,12523.63636,9302.204064,18838.30035,10119.44145
5,country,Russian Federation,0,0,1566,1021.942,281.37,605.783,922.8239999,3183.909,1209.752,2195.12,3151.86,2502.058,3483.838,9550.095,13662.787,16746.644,29839.958,43849.381,56735.403,34449.682,41116.463,48634.931,28422.531,70684.768,64202.54,27089.944,26951.18716,34153.09611,35819.67131,22023.98224,6778.05674,64071.56684,10440.49
5,country,Serbia,0,0,0,0,0,0,0,0,0,0,1.646397549,12.3435137,19.97835396,118.894986,-3.00360706,22.20812814,87.54983685,945.6351846,330.7474273,23.51830663,184.9865956,317.5259236,331.2880151,329.0324801,356.3734858,346.2484289,249.8101722,146.601231,362.790848,294.4567301,112.2031031,264.4026687,111.6281286
5,country,Switzerland,7175.559331,6541.189269,6056.662542,8764.09361,10793.38154,12210.03493,16151.97288,17731.91117,18767.4247,33276.21558,44673.03001,18319.51695,8202.950064,15441.65151,26269.40088,51117.50912,76503.65758,51598.41031,44858.74569,26241.4919,86182.50376,48548.6441,44076.60043,38539.15956,-11528.30493,77186.41238,98210.18625,28337.57425,65057.96637,-47404.07038,-40041.9637,-71480.66073,-23025.16621
5,country,Ukraine,0,0,0,0,8,10,-5,42,-4,7,1,23,-5,13,4,275,-133,673,1010,162,736,192,1206,420,111,-95,100,281,-127,842,22,-198,344
5,country,United Kingdom,17948.176,16408.737,20106.21755,27305.30013,34224.175,48078.80467,36384.5993,60644.75571,122815.5886,203426.2212,232744.4166,57206.81489,53802.10215,64203.75136,103204.0719,88560.32204,81100.37591,335885.1636,198185.1807,28964.71362,48091.79531,95587.37529,20699.88484,40485.57046,-151285.9329,-66821.48041,-37605.82207,142373.0341,82961.10106,11717.47857,-78139.74359,84918.12974,129601.554
3,region,North America,36218.544,38530.09,46238.078,82948.969,82545.506,103535.606,97522.216,118834.5342,165354.1004,226638.4137,187304.172,160901.8231,161718.7423,152276.2354,338251.7587,42907.45646,270433.724,458145.1297,387573.253,327502.0848,312501.7615,448716.9367,374060.3619,360794.1061,393284.6495,331799.3147,353975.6195,403968.4217,-99356.95299,97835.11821,246900.1111,446931.6266,452272.7113
4,country,Canada,5236.544,5834.09,3591.078,5701.969,9293.506,11461.606,13096.216,23065.53423,34350.10044,17247.41373,44678.17199,36028.82306,26772.74233,22924.23539,43346.7587,27538.45646,46213.72404,64627.12969,79277.25296,39601.08477,34722.76151,52147.93675,55864.36186,57362.10612,60270.64947,67440.31467,69506.61954,76188.42165,58049.04701,77492.11821,42438.11109,96973.6266,79276.71132
4,country,United States,30982,32696,42647,77247,73252,92074,84426,95769,131004,209391,142626,124873,134946,129352,294905,15369,224220,393518,308296,287901,277779,396569,318196,303432,333014,264359,284469,327780,-157406,20343,204462,349958,372996
3,region,Other developed economies,54726.55814,35470.71644,23918.67334,16122.07475,25581.31134,31389.52233,33753.64315,35411.29582,32531.38554,28627.39915,43222.47987,51163.70583,43632.03823,51870.9093,50066.79902,19968.81782,99325.42588,119238.4004,186584.5071,109305.6293,112969.8488,148714.9132,163122.5836,169946.0229,182143.2231,161423.6137,202976.8407,214267.2952,197456.1313,286309.0813,141493.5362,224028.7723,354309.1217
4,country,Australia,194.3702871,417.5235246,4591.488268,1409.667066,2187.534272,2532.931069,6174.3853,5804.598554,2547.382572,-14.83918836,2864.05037,10454.4232,6579.519277,15023.57466,7390.329105,-35783.17945,20007.22908,11897.21104,30395.57785,16409.4245,19803.51508,1716.414139,7891.894914,1441.342292,18185.25997,-9337.460277,2304.472908,7799.901898,7824.944785,9960.326922,6034.746763,3401.380985,116561.8341
4,country,Bermuda,0,0,0,0,0,0,0,18,47.3999999,28.6999999,13.9,22.8,22.3999999,26,30.6999999,31.3,579,104.85,322.89,21.38,-33.07,-336.7,241,50,119.718,-84.467,72,-41.5616017,-35.0283023,-38.367133,-11.229974,-26.781991,15.6933333
4,country,Israel,261,355,256.218,744.6939999,673.916,574.154,436.7629999,750.0119999,1162.791,829.556,3335.365,687.5499999,980.98,2109.547,4545.128,2948.633,15462.697,8633.134,7213.517,1776.283,7998.886,7400.746,2275.709,3858.293,4525.503,10968.5,14578.51,7624.335,6086.597,8689.607,4424.594,9455.57,9241.393
4,country,Japan,50774.90469,31638.29645,17304.24553,13913.02002,18120.89073,22630.33226,23427.81051,25993.08792,24152.06677,22743.01579,31557.38319,38332.88927,32280.79322,28800.47269,30951.40628,45781.24626,50265.9464,73548.81703,128019.5387,74698.74137,56263.41224,107599.1459,122548.7307,135748.8233,130843.1812,136248.5192,155936.7476,164587.8519,144982.1225,232627.1713,95666.35333,146782.3858,161470.1168
4,country,"Korea, Republic of",1133.2,1591.2,1375.7,1443.5,2590.1,3868.5,4953.3,4411.3,4220.3,3967.2,4842.1,2743.5,3437.2,5018.8,7195.6,8330,12563.1,21831,19536.5,17400.5,28221.6,29647.7,30598.7,28317.8,27998.5,23687.1,29889.5,34069.4,38220.4,35239,34832.4,66000.6,66407.6
4,country,New Zealand,2363.083164,1468.69646,391.0215438,-1388.806329,2008.870337,1783.605008,-1238.615665,-1565.702649,401.4452027,1073.766544,609.681303,-1077.456647,331.1457365,892.5149527,-46.3643715,-1339.181987,447.4534065,3223.388306,1096.483521,-1000.699615,715.5055014,2687.607145,-433.4510808,529.7643943,471.0609492,-58.57822285,195.6102553,227.3680022,377.0953006,-168.6568393,546.6720448,-1584.382515,612.4844105
2,region,Developing economies,11974.77583,9503.005703,20998.79586,32821.40075,43075.67629,48276.57635,55314.56332,59668.16076,37206.532,50348.03565,83948.42206,54936.19996,36365.15219,35703.42772,106932.6915,103260.0483,188900.9354,256212.9231,257067.2641,231107.3471,336866.4631,357921.1223,330002.4852,392571.2094,427539.2513,391546.2659,385889.7782,447709.375,376937.6351,398392.8244,381920.6305,484893.0844,458890.3109
3,region,Africa,658.2757643,1336.071191,2385.002853,575.6480626,1912.415175,2975.567065,1817.364618,3556.959739,1618.926937,2603.132343,1548.069778,-2639.460539,367.8218495,1376.662017,2960.874432,2010.992092,8186.039521,10839.71267,9954.61386,6375.477804,10398.66631,5317.948376,10527.43488,11031.87489,10523.06387,9539.630504,8382.52148,11271.82786,8107.969707,4965.216355,1140.380011,3148.588987,5816.640984
4,region,North Africa,135.2227998,262.6349999,-109.8919999,-429.549,122.0506165,132.5015365,98.6211899,467.8969517,324.4536233,291.6172816,248.4138902,299.3144164,25.0290819,129.7362549,724.1680794,286.757852,1134.313031,5404.323872,8653.777945,2498.191452,4780.820747,1490.309903,3098.365994,392.0934269,769.5345478,1364.095196,1514.733018,1369.852175,2269.299043,1727.294778,355.7128402,993.8709442,1108.341166
5,country,Algeria,4.6887999,0.001,0.001,0.001,0.001,0.001,0.001,0.001,1,7.5999999,13.6999999,9.3,98.5699999,28.320633,245.449809,-20.193425,33.973133,150.627112,317.982705,214.813772,220.493962,533.510476,-41.3013347,-268.410758,-18.2972368,103.2047136,46.856674,-17.5446015,854.1769342,30.9898537,14.6702177,-51.5396844,71.1362362
5,country,Egypt,12,62,4,25,62.2999999,34.2,4.9,165.9,45.5,37.5,51.2,12.4,27.8,20.6999999,158.9,92,148.4,664.7999998,1920.2,571.1,1175.5,625.5,211.0999999,301,252.6999998,181.6999998,206.5999999,199,323.5,405,326.5,367,341.8
5,country,Libya,105.2339999,173.834,-150.5929999,-479.35,28.0496166,82.9005366,63.32019,284,255.788,225.954,98,175,-136,63,286,128,474,3947,5888.2,1165,2722,131,2509,6,77,394.7989999,440,110,275.5377969,376.5,-487.2,-55.35,50
5,country,Morocco,13,23,32,23,24,12,28,8.795951752,20.36562332,18.06328165,58.51998945,97.0538795,28.32876612,12.28277966,29.80372169,74.61920517,444.8825433,621.6058191,485.1922434,470.2560475,588.7734105,178.9892792,406.12208,331.9612159,436.3373359,653.2948942,579.6596067,1020.945109,782.0818482,892.9949186,458.3626545,644.4913291,615.1175219
5,country,Sudan,0,0,0,0,0,0,0,0,0,0,0,0,0,0,0,0,0,0,0,0,0,0,0,0,0,0,0,0,0,0,0,54.2,0
5,country,Tunisia,0.3,3.7999999,4.7,1.8,7.7,3.3999999,2.3999999,9.1999999,1.8,2.5,26.99390084,5.56053687,6.330315883,5.432842308,4.014548725,12.33207187,33.05735451,20.29094088,42.20299641,77.02163271,74.05337432,21.31014789,13.44524903,21.54296899,21.79444889,31.09658804,241.6167372,57.45166723,34.00246405,21.81000554,43.37996798,35.06929944,30.28740817
4,region,Other Africa,523.0529645,1073.436191,2494.894853,1005.197063,1790.364559,2843.065529,1718.743428,3089.062787,1294.473313,2311.515061,1299.655887,-2938.774955,342.7927676,1246.925762,2236.706352,1724.23424,7051.72649,5435.388794,1300.835915,3877.286351,5617.845563,3827.638473,7429.068886,10639.78146,9753.529319,8175.535309,6867.788462,9901.975688,5838.670664,3237.921577,784.6671707,2154.718042,4708.299818
5,region,Central Africa,51.5402172,51.7465661,79.5859699,42.9758998,14.1979969,34.8612053,22.5756813,31.73811295,0.3958481444,17.25733682,37.05180993,46.4967961,-49.24630601,-28.13416492,-12.81172467,80.2834349,-25.1563216,139.1305867,-54.02244347,166.9520368,346.363,-230.0864297,356.0652253,25.38109792,173.7079531,336.6864553,337.9253274,291.3327896,289.9300811,257.1705409,262.4135902,289.3544769,558.3085189
6,country,Burundi,0.0058392,0.0275463,0,0.135926,0.102904,0.600583,0,0,0,0,0,0,0,0,0,0,0,0.03503193535,0.5815179347,0,0,0,0,0.1667296434,0.02738229832,0.1521940035,0.03644326608,0.00992987499,0,0.7480321896,1.135501762,1.134010837,1.95901456
6,country,Cameroon,15.0955999,21.5167,33.0572999,22.1073999,0.39625,0.601024,8.0951599,-3.8980999,24.015,-11.6626999,9.6748999,35.2098999,-33.13,8.48761,9.54409,-23.169,-47.993,-6.0199999,-47.3152106,-140.761,-35.802,-110.162,-70.545,-137.5279999,-10.112,-10.821,-38.889,21.8649999,109.6541334,127.2599394,84.4150557,70.9938562,94.2229504
6,country,Central African Republic,3.79043,3.5022199,5.85587,5.3185,7.20455,1.4244272,1.4895846,0.1730432,0.3017194,0.0064966,0,0,0.0012923,0,0,0,0,0,0,0,0,0,0,0,0,0,0,0,0,0,0,0,0
6,country,Chad,0.0598481,10.5031,13.7745,10.9300999,0.561955,-2.4541819,1.2647785,0.9457415,-0.3034145,-2.147153,0,0,0,0,0,0,0,0,0,0,0,0,0,0,0,0,0,0,0,0,0,0,0
6,country,Congo,3.793,1.3089999,1.208,1.129,-0.912,1.619,-0.391,3.4969999,-8.1359999,19.3129999,3.846,6.631297925,-6.239705705,-2.930144529,-4.649005745,0,0,0,0,0.8894799931,0,12.15387419,-6.863495956,-13.51712303,-21.47588781,-16.15691591,10.38127178,44.9336032,13.61487363,22.64583554,27.17333718,24.9095863,24.9095863
6,country,"Congo, Democratic Republic of",0,0,0,0.882894,0.00001,0.2003426,19.3480947,17.1889587,-1.2226697,-1.0653859,-1.8,0.9,21.9906618,23.431563,7.5655346,13.445435,18.3567469,14.3025547,54.0572491,34.8005569,7.2,90.875696,420.5349337,400.6632725,343.6010833,507.7800897,272.3339477,292.224618,209.2312957,133.9246292,148.8362484,192.358713,436.3994669
6,country,Gabon,28.7955,14.888,25.6903,2.47208,6.8443279,32.8700104,-7.2309364,13.83146955,-14.25878716,12.81307912,25.33091003,3.75559827,-31.86855441,-57.12319339,-25.27234353,75.4069999,1.3799315,114.767,-61.4459999,271.8229999,374.865,-223.2539999,12.536,-225.3139999,-146.0519999,-150.376,45.2999999,-83.709,-62.9283333,-33.7791111,0,0,0
6,country,Rwanda,0,0,0,0,0,0,0,0,0,0,0,0,0,0,0,0,0,12.946,0,0,0,0,0,0,3.7878241,3.4532814,47.7565637,15.6865715,17.9641472,5.4323093,0,0,0
6,country,São Tomé and Principe,0,0,0,0,0,0,0,0,0,0,0,0,0,0,0,14.6,3.1,3.1,0.1,0.2,0.1,0.3,0.4027876,0.9102186,3.9315511,2.6548061,1.0061011,0.3220671,2.3939645,0.9389064,0.8534472,-0.0416894,0.8175007
5,region,East Africa,2.564828897,11.5933265,46.47796578,41.9870153,19.12062135,38.62109981,9.352335895,19.51628885,12.27752037,15.44088195,19.50878789,13.27134563,24.96571554,6.995970148,43.69055957,125.5260394,53.32043526,126.6296329,119.0065933,121.8255747,239.3031596,221.3395591,304.3447265,266.6349813,237.6834638,206.7091922,139.6168893,-323.2662547,248.2575377,174.4468334,203.413882,652.368103,341.0801996
6,country,Kenya,-0.4426505,0.2,-0.0949822,2.7881851,0.9644009,13.1999999,-2.6928127,2.1499999,0.01,0.01,0.01,0.01,7.4176872,2.0752347,4.4161046,9.6877658,23.9577672,13.3307644,9.2900393,23.9837931,23.7535477,25.1539149,25.7316419,22.9713763,17.2186405,14.9088449,11.2173819,13.5727217,11.2492037,10.7693016,-7.1141381,409.9913413,137.8821683
6,country,Madagascar,1.345,-0.413,1.899,4.9459999,2.7989999,1.5209999,-0.782,-1.514,0,0,-0.921,1.119,0,0,0,34.8999999,11.1999999,38.5,44.6,26.1999999,43.5,42.2999999,36.3999999,15.6,36.7999999,81.9,89.7,106,117.8962738,101.61823,119.0934068,114.3272895,155.1887386
6,country,Mauritius,0.5382312376,10.86102362,43.30728899,33.26155938,1.057882898,3.623542674,2.674377789,3.181794437,13.71250422,6.43219592,12.68590759,2.849364729,8.57753154,-5.483576152,31.67445497,47.53154644,10.15513386,56.97186854,52.15655401,37.45330071,128.6853081,157.8102139,180.3660566,167.8875275,141.126526,99.66372825,28.29410965,89.22903735,98.4132644,57.70501978,16.08765796,85.57393361,19.49477672
6,country,Seychelles,1.124248159,0.9453028845,1.366658987,0.991270918,13.32254056,16.98255134,12.48266591,9.887711516,3.00091785,8.998686028,7.7338803,8.5377138,8.7317199,8.1470619,7.6,33.4067273,8.0075343,17.827,12.96,5.338,6.15,7.922,15.51,15.799,15.52,9.954,10.26,-532.3721461,20.3804806,4.0313672,75.0186284,42.1304422,28.1538465
6,country,Uganda,0,0,0,0,0,3.294006,-1.0282897,0,0,0,0,0,0,0,0,0,0,0,0,28.850481,37.2143038,-11.8465696,46.3370281,44.3770775,27.0182974,0.2826191,0.1453977,0.3041323,0.3183152,0.3229148,0.3283269,0.3450964,0.3606695
6,country,United Republic of Tanzania,0,0,0,0,0.9767971,0,-1.3016054,5.810783,-4.4459017,0,0,0.7552671,0.2387769,2.2572497,0,0,0,0,0,0,0,0,0,0,0,0,0,0,0,0,0,0,0
5,region,Southern Africa,57.44591661,247.6651354,1954.143467,326.4153936,1310.019544,2580.364425,1074.117449,2376.259306,1821.911457,1605.478515,278.1475096,-2811.632357,-242.9435862,894.351212,2193.986822,1100.324639,6359.184576,3900.474447,-409.3004934,1522.015492,2679.603568,1968.200549,3236.522966,8611.222959,7148.223428,5386.80742,5144.501442,8711.662595,4196.429034,1529.291897,-1793.019827,-1241.21024,2779.526984
6,country,Angola,0.9,0,0.1889007,2,-2,-1,-12.4209563,3.9734194,0,-0.088285,0,0,100.111,95.8999999,783.2359999,219.3620571,190.5850859,911.7814554,2569.643974,6.7531245,1340.429384,2092.642448,886.4757406,921.5661921,886.7924567,-784.8702166,273.005,1352.005057,5.7141675,-2349.425835,90.514469,-1057.370588,41.0663623
6,country,Botswana,7.3637306,8.5082807,9.8,9.4920906,9.461196,40.90599197,-1.052884905,4.081341967,3.497496356,1.507655026,-6.72759917,367.7064145,42.88315053,206.0635201,38.76076362,-57.31814846,-49.75459902,-31.64728726,91.39912053,-7.820715737,-0.8963608503,-9.625899793,7.978067735,84.63280186,111.3669464,183.2451638,169.6936905,-0.8658096124,82.0787955,-19.79488405,-68.2567835,-32.9011602,-42.22962651
6,country,Eswatini,3.0879124,15.7189424,3.0502769,8.7230656,58.2600856,30.0079984,-6.442834359,-11.97927065,23.91340524,13.24171615,10.01465454,-17.70203434,-0.5692221579,16.3653789,-1.439697571,-22.03062271,-0.6202420421,23.16418179,-7.940715766,7.021750906,-8.058766162,2.170688722,-7.51199723,-4.436223566,0.5469639056,-0.8782882499,-7.132212649,65.48392774,-10.51255983,22.20788913,-12.64214307,60.29254752,-22.3302392
6,country,Malawi,0,0,0,0,0,0,1.8999999,0.9000389925,5.599991739,0.09999975504,-0.6000001831,-0.5960383297,4.3956415,0.2758642,1.1726573,1.6846609,5.91,13.64,18.55,-1.33,42.3,0.9450675,-4.5423233,-4.1457737,-4.7410708,-5.1059796,-4.2156352,-6.6599056,-102.2398272,23.2550852,-153.9066154,27.6279939,29.9429786
6,country,Mozambique,0,0,0,0.0578093,-0.0298895,0.2003426,0,0,0,0,0,0,-0.4,0,0,14.6,138.0999999,17.3999999,49.7999999,34.5,237.9,83.5999999,8.9,522.2999999,97,1.5,34.7,25.9835176,-25.30488,-30.8861899,153.380151,193.7281507,563.7224538
6,country,Namibia,1.352751109,3.766314661,-0.1753149533,1.377098545,-4.449701476,-0.744398402,-2.046821031,0.5859425863,0.1808880882,0.7318135095,-2.651361762,12.74616164,5.417002656,10.42532799,22.19131257,12.64001082,11.64533968,-2.887574233,-5.075279426,61.88419622,4.89975933,14.01531979,10.53343435,5.889120834,21.93620753,102.2417814,-4.758974204,-65.63854953,98.48432553,9.141282566,51.68740943,17.4617822,8.689473643
6,country,South Africa,27.4415225,207.8715976,1936.879604,298.0653296,1235.777853,2497.59449,1043.180946,2350.497834,1780.119676,1580.985616,270.6118161,-3177.88686,-397.9811587,565.121121,1350.064786,930.2866811,6063.308991,2965.923672,-3133.677592,1151.449136,-75.67044837,-256.8470748,2987.587044,6648.948841,7669.456152,5743.585081,4474.489806,7371.170387,4076.114369,3146.640115,-1950.835115,22.26180177,2571.434214
6,country,Zambia,0,0,0,0,0,0,0,0,0,0,0,0,0,0,0,0,0,0,0,269.5579999,1095.4,-1.3999999,-701.897,409.468,-1706.134228,125.089878,176.7197675,-72.0478702,45.3227673,696.1544346,64.0388007,-504.3107671,-387.7686328
6,country,Zimbabwe,17.3,11.8,4.4,6.7,13,13.4,51,28.1999999,8.5999999,9,7.5,4.0999999,3.2,0.2,0.001,1.1,0.01,3.1,8,0,43.2999999,42.7,49,27,72,22,32,42.231841,26.7718769,32,33,32,17
5,region,West Africa,411.5020018,762.4311632,414.6874503,593.8187539,447.026397,189.2187988,612.6979612,661.5490788,-540.1115119,673.3383273,964.94778,-186.9107401,610.0169443,373.7127449,11.84069532,418.1001267,664.3778009,1269.154127,1645.152258,2066.493248,2352.575836,1868.184795,3532.135968,1736.542425,2193.914475,2245.332241,1245.744803,1222.246558,1104.054011,1277.012305,2111.859526,2454.205702,1029.384115
6,country,Benin,0.273419,0.3544789,0.3778014,0.7063152,1.5581459,0,21.922,13.1389999,5.2039999,1.443887354,3.582985943,2.305470787,1.35009498,0.3148657949,-1.309899013,-0.38485747,-1.728853105,-6.092637298,-3.99280937,31.1868628,-17.91320816,59.64956153,40.33547687,58.58959762,17.27828527,32.69923447,17.38103665,31.90738763,9.770518691,27.14951429,21.5266887,42.90213741,27.69985323
6,country,Burkina Faso,-0.5509404,0.1335376,0.122093,1.5538753,6.8443187,0.2003413,0.6548698,1.0468261,5.2648351,0.19327626,0.1671404654,0.5975125471,1.715954938,1.918444597,-8.947821725,-0.1952725094,1.005947714,0.2253441192,-0.2344770603,8.483944886,-3.5313572,102.2387712,72.95990222,58.30698959,69.54529667,14.1049306,50.50784027,10.26882061,67.71334925,16.43184679,-7.138811514,-43.11930084,21.37721408
6,country,Cabo Verde,0.316715,0.544754,1.20381,0.664208,0.415187,0.57382,0.263465,0.04979785612,0,0,0,0,0,0,0,0,0,-0.3670218972,0.1123621087,0.829077996,-0.04047620071,-1.432460236,-11.12968417,-32.30466155,-9.193229301,15.82538393,-7.870029467,15.97231223,-14.03034168,-12.64672486,-7.964531141,-7.244980872,-9.5624072
6,country,Côte d'Ivoire,0,0,0,0,1.4723544,7.0085405,0.390967,49.4144544,-28.8766503,6.348881515,7.8722556,-5.1792378,-4.2031598,23.1636404,-25.5139489,0,0,0,0,-9.460255069,24.87294988,15.27170849,14.30137877,-6.401442463,16.21889846,14.40837521,28.65143263,676.0310287,144.6521602,119.5143775,1.328576431,285.2130227,435.8733284
6,country,Gambia,0,0,0,0,0,0,0,0,0,0,0,0,0,0,0,0,0,0,0,0,0,-58.2,-10,-49.0999999,0,-22.8,-1.3999999,2.3615784,0.4807893,-1.6266941,-3.4838092,-3.3863711,2
6,country,Ghana,0,0,0,0,0,0,1.2997534,1.6835096,26.6754107,163.3,0,9.5536176,-2.0425363,10.7496458,-0.9786598,0,0,0,7.96,6.9199999,0,25.35,1.09,8.8133333,11.8,221.4,14.6999999,15.9,81,587.7660483,542.4139963,191.8092495,350.7473235
6,country,Guinea,0.1196963,1.109727,0.5022201,0.8797432,0.2102208,0.601028,0.5,1.5139899,1,4,0,5,0.4912717,0,0,0,0,0,63.64,-49.8,-101.35,0.82,2.01,-0.87,3.2987867,5.0152,21.1036287,1.11,-0.33,1.02,2.36,-3.12,0.0866667
6,country,Guinea-Bissau,0,0,0,0,0,0,0.9774177,0,0,0,0,-0.3956133303,1.004321452,0.5161734343,-7.501632641,0.6957768054,0.4150012431,-0.2503823547,-0.8262524983,-0.09741923733,5.514086057,0.8582945158,-0.1488657799,0.001842479652,2.751007261,2.346367638,0.4503838489,0.3341044429,-0.4052595831,0.3898202883,0.3142883921,0.9467465438,0.1376167775
6,country,Liberia,5.9409999,366.3519999,58.5439999,50.942,91.301,-9.7029999,-24.449,495.127,-729.3546601,310.6032221,779.8965636,-292.0280593,402.9371501,172.9791243,304.49577,436.8439184,346.3924274,362.5773719,381.9379059,363.6359017,1518.470884,-222.3109681,1388.373413,327.1310581,-35.5302437,30.3896929,167.6633002,54.1742497,84.0757476,101.9710992,80.0736988,91.022399,91.022399
6,country,Mali,0.1836468,-1.0341411,1.5422981,0,0,0,1.554,-6.785,-0.015,0.8283268285,4.012775712,17.26647559,1.573915189,1.4229181,0.7817749889,-0.938445555,1.246916177,7.313251277,0.6051741271,-1.020784183,7.405956667,4.378361654,15.95049821,2.855843461,0.615282005,82.37154305,97.01578598,14.76345535,0.2894968501,1.011757736,1.154996811,55.87514162,8.74819207
6,country,Mauritania,0,0,-0.157796,0.1765788,1.1706861,0.2003426,0.1954835,0.1713299,0.09275,0,0,0,0.365,-1,4.008,2.023,0.057,-1.2769999,2.9849999,0,16.753,1.463,-2.676,18.6149999,27.745,0.212,1.0349999,9.6639999,3.637,4.7786666,6.0265555,5.402611,3
6,country,Niger,0.0183645,2.61248,40.7304,5.75288,-1.80654,7.14817,7.46551,1.622,0.163,-0.238753027,-0.6208074429,-3.623272432,-1.718824427,0.003441156228,7.075726171,-4.421121281,-0.9791734399,8.053965744,24.37221558,59.25631001,-59.73828787,9.286534737,2.184017692,100.7593405,88.66096226,34.13836364,40.21224098,29.0887861,38.61740352,32.02755979,14.99202539,39.25818892,39.54129295
6,country,Nigeria,414.6,411.5,260.1,532.7,328.1999999,191.7533597,597.1846595,102.972821,158.8009787,172.8176088,168.9385145,93.8835567,172.1614945,167.3213667,-260.7550936,14.619968,322.48,874.97,1058.2661,1542.02,922.72,823.5802767,1542.56215,1237.4968,1614.2945,1435.203637,335.4649942,310.830719,565.5691117,285.3188459,1473.332437,1817.909995,-67.0630883
6,country,Senegal,-9.5495197,-19.1416731,51.3804723,0.3531534,17.4710242,-3.4058034,1.9548354,-0.8566499,10.3398242,11.05572691,0.6488982775,-7.039188911,34.01636757,2.658293187,13.06302469,-7.721795445,9.891181702,24.70439233,126.2647804,77.12215102,2.227036588,47.45838861,55.99312083,33.32863467,27.45964298,31.3640613,223.8625412,82.41529957,52.80833027,71.06403375,99.18639353,51.67613135,182.0731082
6,country,Sierra Leone,0.1496204,0,0.3421515,0.09,0.19,0.64,0,0,0,0.1,0,0,0,0,0,-7.5499999,0,0,0,0,0,0,0,0,0,0,0,0,0,0,0,0,0
6,country,Togo,0,0,0,0,0,-5.798,2.7839999,2.45,10.5939999,2.886150538,0.4494533524,-7.252001599,2.365894391,-6.335168617,-12.57654486,-14.87104431,-14.40264683,-0.7031571128,-15.93774076,37.41745837,37.18525189,1059.773325,420.3305604,-20.67991063,358.9702861,348.6534519,256.9666484,-32.57518319,70.20570469,42.84215426,-112.2629797,-70.9392677,-56.29738393
3,region,Asia,9942.614476,6518.003508,15796.01653,29681.62327,36924.33515,41565.51173,50262.65766,48300.48982,27020.90725,40242.40426,74168.80163,53114.86156,30505.81176,27540.93174,85823.71951,82403.09071,138603.3166,220948.9342,209640.5173,209894.7463,271633.8531,299067.6343,283142.7696,340253.1616,392339.0033,357577.5096,366618.869,400100.0864,361194.4216,346194.9378,382708.5402,445322.7737,396127.8093
4,region,East and South-East Asia,10848.95503,6716.96738,16615.48316,29027.94355,37063.09213,42062.05204,47169.68678,48038.57631,27861.3945,38475.05745,70691.65673,51197.65255,25620.36362,26611.57063,75458.13437,65651.37471,101432.16,165708.8764,148149.1978,172262.307,229458.2566,249309.8648,247593.9445,288429.9934,350382.8572,304815.0217,322375.8622,345955.005,301551.2248,293455.697,335704.718,371098.7789,354848.6266
5,region,East Asia,8521,5793,14221,24724,26077,29983,32487.876,32212.29,23095.43819,28385.48284,61695.56106,30431.32052,20638.51119,20588.849,56187.99684,45354.73428,70198.48301,101814.2439,114496.2483,121650.875,166253.438,183975.7814,184884.9224,204617.0226,260711.5155,231338.3754,272810.4505,257441.7345,243603.3459,203040.1794,267088.8695,289922.5921,268947.0101
6,country,China,830,913,4000,4400,2000,2000,2114,2562.49,2633.807,1774.313,915.777,6885.398,2518.407,2854.65,5497.99,12261.17,17633.97,26506.09,55907.17,56528.99,68811.31,74654.04,87803.53,107843.71,123119.86,145667.151,196149.43,158288.3,143037.3051,136907.56,153710.2599,178819.3243,146503
6,country,"Hong Kong, China",2448,2825,8254,17713,21437,25000,26530.876,24406.8,16625.63119,22191.16984,54078.78406,18055.32938,13162.97641,12057.14836,43636.87725,27003.09746,44475.22667,64165.75444,48379.25061,59201.59964,86247.17956,96340.82734,83410.51671,80773.07891,124092.4778,71821.20166,59702.79236,86703.87836,82201.31403,53201.94178,100715.4597,96428.13495,103588.1501
6,country,"Macao, China",0,0,0,0,0,0,0,0,0,0,0,10.59314121,71.1277748,-4.949359451,-91.87040414,60.16681937,635.8863353,22.64850638,-83.41531475,-10.52067312,-441.3775177,120.3510509,469.219736,1674.247678,681.0957127,-870.3863263,-1002.243886,863.9421879,269.6807819,1040.707666,1137.179809,3220.772836,2500
6,country,Mongolia,0,0,0,0,0,0,0,0,0,0,0,0,0,0,0,2.2999999,54.4,12.7509999,6.243,53.8059999,62.326,94.5629999,64.656,40.9859999,107.082,11.4089999,14.4719999,48.614,37.0459999,126.97,25.97,113.36,75.86
6,country,Taiwan Province of China,5243,2055,1967,2611,2640,2983,3843,5243,3836,4420,6701,5480,4886,5682,7145,6028,7399,11107,10287,5877,11574,12766,13137,14285,12711,14709,17946,11537,18058,11763,11500,11341,16280
5,region,South-East Asia,2327.955027,923.9673796,2394.483163,4303.94355,10986.09213,12079.05204,14681.81078,15826.28631,4765.95631,10089.57462,8996.095673,20766.33203,4981.85243,6022.72163,19270.13753,20296.64043,31233.67704,63894.63241,33652.94946,50611.43208,63204.8186,65334.08342,62709.02207,83812.97079,89671.34171,73476.64628,49565.4117,88513.2705,57947.87889,90415.51758,68615.84848,81176.18677,85901.61647
6,country,Cambodia,0,0,0,0,0,0,0,0,19.7899999,9.092,6.593,7.288,6.0259999,9.6609999,10.243,6.278,8.3818211,1.0950507,20.4888249,18.873228,20.5800757,29.1650226,36.18017,62.2684064,82.0634498,87.761038,79.0744786,114.8580662,123.9636103,101.8375479,127.0128912,92.4176251,150.4862804
6,country,Indonesia,-11,13,714,481,3283,1319,600,178,44,72,0,0,0,0,3408.18,3065,2725.753,4675.147,5899.73,2249.122,2664.25,7712.86,5421.65,6646.6,7077.32,5936.97,-12214.69,2077.19,8052.85,3352.18,4448.48,3844.75,6848.12
6,country,Lao People's Democratic Republic,0.168,0.136,1.516,0.055,1.022,4.1779999,3.4049999,1.2809999,3.0099999,0.557,9.9092909,0.3205009,0.2,-0.0264787,1.1057952,-0.0869146,0.0005867,21.4721355,-16.9319761,2.5122878,33.4549713,0.3587474,-16.858778,-28.5714289,7.057558,39.6969679,15.184319,9.7008379,0.00001,0.00001,0,0,0.00667
6,country,Malaysia,129,175,115,1063,2329,2488,3768,2675,863,1422.368421,2026.052632,266.8421053,1904.736842,1369.473684,2061.315789,3075.448431,6020.969527,11313.80597,14964.87231,7784.319762,13399.07857,15248.88072,17143.09764,14107.16936,16369.06925,10545.85277,8011.212786,5638.472807,5114.464714,6230.50185,2419.386578,4675.824901,13322.37646
6,country,Philippines,22,27,101,374,302,98,182,136,160,133,125,-140,65,303,579,981.0539999,1289.689,5277.66,2174.035,1822.847,2712.166532,2349.64114,4173.220333,3646.949296,6753.922593,5539.505401,2396.734618,3304.731499,4115.69824,3350.93671,3562.03127,2251.12059,3900.04164
6,country,Singapore,2033.787027,525.8313796,1316.967163,2151.88855,4577.07013,7282.874035,9196.405776,12252.00531,3544.15631,8110.98787,6848.360751,20204.44043,2835.266588,3725.734425,13138.56694,12552.51142,20063.12424,40882.29049,7964.392237,32039.72472,35407.14773,31900.09382,20480.36297,45278.83002,52477.48708,45223.04576,36872.49828,62706.29214,22811.04829,66101.5073,38392.54005,50802.05704,50788.33395
6,country,Thailand,154,183,146,234,494,887,932,584,132,341.5693254,-19.82,427.4409999,170.6229999,614.879,71.7259999,551.4354963,1040.758866,1539.161763,2346.363064,5994.033084,8042.140719,7176.083972,14258.70273,12131.05814,5741.754777,4991.147346,13392.73022,14182.02515,17131.85402,10163.55416,18592.53017,19152.04212,8218.285478
6,country,Timor-Leste,0,0,0,0,0,0,0,0,0,0,0,0,0,0,0,0,0,0,0,0,26,-33,12.667,12.667,12.667,12.667,12.667,0,0,650,693.867525,-0.0255,-0.034
6,country,Viet Nam,0,0,0,0,0,0,0,0,0,0,0,0,0,0,0,65,85,184,300,700,900,950,1200,1956,1150,1100,1000,480,598,465,380,358,2674
5,region,South Asia,65.316,7.8919999,44.4159999,-127.084359,100.7609999,128.5536665,345.5448888,177.19962,176.3881599,318.8619639,540.4384136,1499.03755,1736.790428,1603.583517,2346.939588,3486.851528,14575.03407,17766.08612,21462.70514,16273.98497,16290.5664,12823.00656,10021.98113,2179.286002,12023.36987,7817.758502,5519.816076,11493.30872,11630.419,13275.21967,11205.96232,17716.09725,16041.79634
6,country,Afghanistan,0,0,0,0,0,0,0,0,0,0,0,0,0,1,-0.7,1.5,0,0,-1.9180361,0.3349586,-0.7150337,1.1778608,-9.0398998,0.537319,-0.0191537,2.1630531,14.0060466,11.2607358,38.8037016,26.3210465,37.2284781,30.7909599,0
6,country,Bangladesh,0.5,0.4,0.1,0.2,0.2,1.7,12.5,3.06562,3.0021599,0.059964,2,20.6,4.0999999,6.2,5.7,3.2999999,3.6,21,9.3,29.3,15.4,13.0399999,43.3699999,33.7299999,47.63,45.5,40.53,141.96,23.2399999,27.58,11.6,91.71,52.56
6,country,India,6,-11,24,0.350641,82,119,240,113,47,80,514.4454136,1397.43655,1678.039428,1875.779518,2175.366588,2985.487528,14284.98907,17233.51512,21142.47118,16057.78101,15947.42544,12456.1607,8485.695377,1678.741353,11783.49369,7572.417124,5072.359559,11140.54816,11446.91762,13144.13521,11109.201,17252.55023,14543.10275
6,country,"Iran, Islamic Republic of",55.996,17.972,30.686,-132.535,9.301,2.2559999,79.126,80.134,63.386,193.8019999,10.993,50,15.201,-325.706,104.5729999,414.564,148.4449999,358.571,202.1519999,95.569,238.9559999,257.6279999,1356.03,189.204,3.442,119.691,104.1123333,75.7484444,74.601111,84.8206296,78.3900617,81.6053456,100
6,country,Pakistan,2,-4,-12,-2,1,0.001,7,-24,50,21,11,31,28,19,56,44,109,98,49,71,47,35,82,212,122,25,52,52,-21,-85,-45,242,1331
6,country,Sri Lanka,0.82,4.5199999,1.6299999,6.9,8.2599999,5.5966666,6.9188888,5,13,24,2,0.001,11.4499999,27.3099999,6,38,29,55,61.7,20,42.5,60,63.9256485,65.0733298,66.8233298,52.9873245,236.8081368,71.7913757,67.8565705,77.3627837,14.5427837,17.4407153,15.1335933
5,region,West Asia,-971.6565506,-206.8558715,-863.8826308,780.7640777,-239.5579766,-625.3939722,2747.424991,83.3538363,-1047.615722,1438.295108,2927.843611,437.6818186,2722.268707,-552.8875356,9253.658746,13412.72547,23007.35445,34384.43284,38820.60242,18199.5233,17996.56725,31540.63561,24043.03674,47352.94836,26113.47329,44145.22515,43917.16491,41599.47968,49019.1708,42053.00233,37920.1141,55014.61203,27487.26661
6,country,Armenia,0,0,0,0,0,0,0,0,11.5459999,0,0,0,0.002,0.609,-0.1242516,5.3890483,22.6270663,8.8917141,30.5064609,52.240416,27.4590626,219.0815341,23.4259691,30.2628701,28.8040827,28.7519243,70.5193824,29.0568239,7.0125058,-132.9950609,-27.2788691,24.5937411,49.7449376
6,country,Azerbaijan,0,0,0,0,0,0,3.8992603,0.004,0.02,0,0.76,0,325.6139999,933.2509999,1204.82,1220.77,705.49,285.54,555.6,326.091,232,533,1192,1490,3230,3259.769,2574,2564,1761,2431.7,825.3,76.9826622,172.22
6,country,Bahrain,25,50,53,38.6,198.6699999,-16.1,304.8,52.92553165,38.56382979,163.2978721,9.574468085,215.9574468,190.1595745,741.3546035,1035.638298,1135.37234,980.0531915,1669.148936,1620.478723,-1791.489362,334.0425529,-920.212766,515.9574468,531.9148936,-393.6170213,3190.957447,-880.0531912,228.9893614,111.1702125,-197.0744678,-205.0531915,64.36170213,1947.87234
6,country,Georgia,0,0,0,0,0,0,0,0,0,0.968,3.163983,4.0603999,4.0925,3.7625,9.5704999,-89.4773333,-13.3814,73.89403,146.61213,-18.5262,135.14802,146.61608,296.95236,119.904,406.652,309.151,407.17289,269.42751,340.19079,281.53472,22.86073,321.98657,348.01239
6,country,Iraq,0,0,0,0,0,0,0,0,0,0,0,0,0,0,0,88.7,305,7.9,33.6,71.9,124.9,366,489.5,227.1,241.5,147.7,304.3,77.8,188.4,194.2,147.2,134.6,238.3
6,country,Jordan,-31.483,13.68,-3.399,-53.0349999,-23.1409999,-27.297,-43.2999999,9.83037,2.0539999,2.7,8.603666996,31.59379394,13.82228491,-3.667136812,18.19464034,163.1875882,-138.0818054,48.09590973,12.8229154,72.39436606,28.45070408,30.84507028,5.352112535,15.63380282,83.52112676,0.985915493,3.239436479,6.61971831,-7.605633803,43.38028169,26.33802817,15.91549296,-15.77464789
6,country,Kuwait,-239.1999999,-186.4,-1210.7,652.6658252,-1519.183481,-1021.953573,1740.094653,-969.1807126,-1867.067424,-22.99492469,-303.1765074,-242.2704948,-76.66642537,-4959.867388,2581.269087,5141.780822,8210.534296,9784.176712,9090.570923,8581.831447,5889.836145,10772.92248,6741.299104,16647.971,-10468.07464,5367.157404,4527.894125,9013.447038,3715.062939,-2696.302637,7931.542322,4666.111927,-25603.22542
6,country,Lebanon,-15.9743032,3.9624462,17.2022594,48.4089175,157.7487446,10.803833,20.745998,6.2522213,37.8385335,131.7342398,137.924,3.879,0.206,610.951,827.052473,715.499,874.652,848.09,986.578545,1125.772462,486.8262728,936.6451495,1030.191525,1975.697256,1240.706833,660.2122952,1004.742727,1317.433967,631.2151208,344.7927002,28.9134562,-1365.820411,99.0401603
6,country,Oman,0,0,0,0,0,0,0,0,0,0,0,0,0,88,42,234,276,-36,585,109,1498.049415,1222.36671,884.2652796,933.680104,1357.607282,335.5006502,356.3068921,2423.927178,717.8153446,-465.5396619,-697.0091027,-397.9193758,-520.1560468
6,country,Qatar,1.98275,2.3669554,4.5463623,4.2694931,31.2593023,4.7107639,8.9704116,14.2456702,21.427,7.1999292,17.7499138,17.2133816,-21.0426326,88.170443,437.918,351.9139999,127.431,5160.249,3657.774725,3214.574176,1863.173409,10108.52912,1840.10989,8021.429,6748.352,4023.352,7901.923,1694.78022,3522.802198,4450.274725,2729.945055,159.8901099,2383.791209
6,country,Saudi Arabia,-638.3306069,-127.9070986,195.2715475,44.8930451,286.6466578,119.5744453,323.405753,325.9598885,127.8978208,110.6814436,1550,45.629,2020.025,473,78.7349999,-349.867,-38.56,-134.9166111,3497.62,2177.27,3906.848667,3429.918667,4401.548333,4943.293333,5395.99,5389.928333,8936.155333,7279.599195,19252.32847,13547.06558,4910.922647,23859.91435,18825.91639
6,country,State of Palestine,0,0,0,0,0,129,142,156.0999999,81.7999999,86.5999999,218.1409999,-363.6949999,-346.153,-48.5,9.0329999,-42.4829999,-129.423,-43.8599998,4.2759999,-69.313,-84.424,128.0765603,-29.0922659,48.334225,-187.4553721,-73.2698208,44.7773194,2.8516637,30.8811864,56.4768843,59.1033257,-57.9543613,13.3054143
6,country,Türkiye,-16,27,65,14,49,113,110,251,367,645,870,497,143,480,780,1064,924,2106,2549,1553,1468,2331,4107,3534,6682,4809,2954,2626,3666,2966,3230,4966,4715
6,country,United Arab Emirates,-57.6513906,10.4418255,15.1962,30.7594641,577.0008905,62.4668735,128.6134311,231.1316778,127.3000672,317.1064169,423.6670862,213.7012911,441.1164057,991.1504424,2208,3750.3,10891.7631,14567.73315,15820.3,2722.9,2015,2178,2536.010989,8828.337875,11735.9,16691.6,15711.4,14059.946,15079.292,21226.15804,18937.3297,22545.94963,24833.21988
6,country,Yemen,0,0,0,0.2023326,2.4409092,0.4006853,8.1954835,5.0851896,4.004451,-3.9978692,-8.564,14.613,28.093,48.898,21.552,23.64,9.25,39.49,229.8619999,71.878,71.257,57.847,8.516,5.3899999,11.587,4.429,0.787,5.601,3.6056666,3.3312222,0,0,0
5,region,Central Asia,0,0,0,0,0.04,0.3,0.001,1.3600618,30.7403137,10.1897324,8.86287,-19.51036,426.3890099,-121.33487,-1235.01319,-147.8609999,-411.232,3089.53885,1208.012,3158.931,7888.462861,5394.127361,1483.807261,2290.933861,3819.302961,799.5042608,-5193.974181,1052.29299,-1006.392989,-2588.981234,-2122.254213,1493.285588,-2249.880293
6,country,Kazakhstan,0,0,0,0,0.04,0.3,0.001,1.3600618,8.1180421,4.1307324,4.36287,-25.6103599,426.3890099,-121.33487,-1278.94519,-147.8609999,-411.232,3088.516,1207.012,3159.199,7885.477,5390.424,1481.149,2286.621,3814.826,795.166,-5234.892554,913.1858821,-1094.810395,-2620.246013,-2205.798974,1441.167704,-1808.055024
6,country,Kyrgyzstan,0,0,0,0,0,0,0,0,22.6222716,6.059,4.5,6.0999999,0,0,43.932,0,0,1.02285,1,-0.268,0.037,0.062,-0.4277999,-0.0083,0.0467,-0.2358,0.0078,-29,5,4.7,1.9,1.9,-457.9
6,country,Tajikistan,0,0,0,0,0,0,0,0,0,0,0,0,0,0,0,0,0,0,0,0,0,0,0,0,0,0,35.0933118,159.0861592,81.5061697,23.2126293,70.3349615,47.7005343,11.984421
6,country,Uzbekistan,0,0,0,0,0,0,0,0,0,0,0,0,0,0,0,0,0,0,0,0,2.9488608,3.6413608,3.0860608,4.3211608,4.4302608,4.5740608,5.8172608,9.0209491,1.9112359,3.35215,11.3098,2.51735,4.09031
3,region,Latin America and the Caribbean,1363.941856,1619.199983,2630.86931,2563.32271,4242.486399,3755.962339,3203.019118,7752.010941,8677.175475,7527.857327,8211.50694,4445.405231,5468.309947,6770.035861,18113.41693,18788.48684,42063.8357,24402.22982,37377.68299,14762.76047,54707.97134,53446.88494,36245.00336,41144.05547,24533.29881,24345.83244,11070.65579,36603.86751,8071.96984,48372.13235,-1011.107784,38020.79531,59023.1606
4,region,South and Central America,1334.941856,1594.799983,2582.86931,2502.02271,4189.786399,3688.461996,3108.914602,7712.410941,8594.175475,7169.857327,8112.00694,4298.305231,5288.009947,6428.535861,18028.01693,18346.48684,41608.4357,24287.22882,36601.78299,14701.66047,54853.25134,53384.27314,35692.19965,41397.38207,24314.72645,24160.88003,10716.509,36554.37218,7785.057333,48003.78335,-1016.63056,37424.76471,57831.54229
5,region,South America,1108.802996,1414.340183,1930.36931,2603.36601,3122.616399,3701.487396,3084.1545,7698.190844,8575.811496,7092.155017,8019.502,-183.6213861,4097.319469,5065.465586,13459.70245,11965.16789,35647.06967,14365.41486,36125.23433,4730.991971,39821.69603,39674.54746,12882.09704,25018.78371,16115.68823,12213.89122,9776.552847,32176.81322,-1155.713521,36456.06237,-3752.445725,37781.65399,44216.39109
6,country,Argentina,34.9029862,49.3856939,1165.9143,705.07,1012.844,1497.149,1600.749,3652.818,2325.477,1730.283,901.028,160.877,-627.134,773.7809999,675.9859999,1311.06,2438.720721,1504.232961,1390.934589,711.5464037,964.7606804,1488,1054.849578,889.9728587,1920.541433,875.2332274,1786.530935,1155.630218,1725.981573,1522.728152,1292.477182,1362.519714,2323.035124
6,country,"Bolivia, Plurinational State of",1.1,2,2,2,2.2,2,2.1,2.5,2.5,3,2.5,2.5,2.5,2.5,2.7999999,3,3,4,5,-2.622236,-28.805361,0,0,0,-33.113,-1.7869999,88.8660405,79.6931127,-84.4653038,48.3143127,-111.1288544,91.3297297,-336.0841069
6,country,Brazil,624.6,1015,136.6999999,492.3,689.8999999,1095.638,-469.064,1115.564,2854.013,1690.412,2281.587,-2257.586,2482.108,249.3,9806.987,2516.701,28202.491,7066.66,20457.066,-10084.226,22059.925,11061.674,-8425.285,-478.18,-3261.247,-11642.80557,-5900.75235,19040.36781,-16335.59665,19031.49445,-12935.08848,20451.42884,25242.32814
6,country,Chile,7.5,125.3,397.8,434.1999999,910.7,751.5,1133.452223,1462.692823,1483.481264,2557.92399,3986.6,1609.7,343.1999999,1709.121058,2144.595436,2135.147235,2211.888441,4851.556371,9151.346651,7544.17138,8474.221464,18735.96159,14841.12202,14504.86772,10118.11675,17848.94771,7035.736746,3992.356447,6934.486701,11169.41934,5783.451701,11207.24842,11696.71657
6,country,Colombia,16,24.3,73.9449999,94.7959999,148.9623895,256.2003963,327.9272768,809.4160208,795.998232,115.5360272,325.3469999,16.119,856.767,937.687,192.449,4796,1268,1279,3085,3505,5483,8420,-606,7652.080603,3898.941534,4217.736436,4517.35192,3689.564075,5126.317721,3153.49649,1686.13214,3180.66803,3720.36517
6,country,Guyana,0,0.354479,-2,2,0,0,-1,0,0,-2,2,0.205,0.1378479,0,0.1678519,0,0,0,0,0,0,0,0,0,0,0,26,0.01,0.01,16.93518,13.56033,14.93551,4.67668
6,country,Paraguay,0,0,0,0,0,0,0,0,0,0,0,0,0,0,0,0,0,0,0,0,0,0,0,0,0,0,0,0,0,0,0,0,250.8506076
6,country,Peru,49.7,10,0.01,-13,0.01,8,-17.01,85,62.042,128,0,74.4,0,60,0,0,0,65.5769719,735.79963,410.7129999,436.2705028,342.5935495,1748.482207,492.3199655,1110.897092,206.8621515,1179.514928,538.3013273,98.4367696,1045.813641,423.3767004,64.0520809,359.3800701
6,country,Suriname,0,0,0,0,0,0,0,0,0,0,0,0,0,0,0,0,0,0,0,0,0,3.1040795,-0.8565609,0.033758,0,0,0,0,0,0,0,0,0
6,country,Uruguay,0.00001,0.00001,0.00001,0.00001,0.00001,0,0,13.1999999,9.3,-3,-0.56,6.1636138,13.7406207,15.0765286,17.7171579,36.259659,-1.0304917,89.3885527,-10.9125427,16.4094239,-59.6762595,-6.7857529,-24.2152015,1205.688809,-11.448581,310.7042608,2.3046277,1446.890227,718.1156673,626.8607966,-263.2264393,477.4716711,564.456167
6,country,"Venezuela, Bolivarian Republic of",375,188,156,886,358,91,507,557,1043,872,521,204,1026,1318,619,1167,1524,-495,1311,2630,2492,-370,4294,752,2373,399,1041,2234,661,-159,358,932,390.6666667
5,region,Central America,226.1388599,180.4597999,652.4999999,-101.3433002,1067.17,-13.02540005,24.7601016,14.22009685,18.3639787,77.7023097,92.5049404,4481.926617,1190.690479,1363.070275,4568.314483,6381.318948,5961.366032,9921.813966,476.5486658,9970.668502,15031.55531,13709.72568,22810.10261,16378.59836,8199.038223,11946.98881,939.9561561,4377.558959,8940.770855,11547.72099,2735.815165,-356.8892836,13615.1512
6,country,Belize,1.8,1.44999995,2.2,2.04999995,0.01,2.52899995,5.6635,3.89999995,4.5205,0.01,0,0,0,0.358,0.064,0.981,0.5715,0.986,2.75749995,0.4615,1.121,0.63301725,0.87572655,0.68452465,2.7346138,0.46988375,1.7188097,0.3223298,0.71837255,2.11855695,4.42819185,1.537175,1.2004088
6,country,Costa Rica,2.1,3.1,4.2999999,3.6,5.7,5.5,5.7,4.4,4.7999999,5.0035819,50.9069405,55.2266171,233.7904789,70.012448,98.6440828,-15.055722,120.4367817,276.5991664,80.4345359,103.2517013,94.3353368,133.2663589,455.3551461,339.6406967,108.9064072,210.5695177,76.9133564,126.2206386,53.3895897,117.1184021,118.3897526,84.8714772,104.1262377
6,country,El Salvador,0,0,0,0,0,0,7.2,0,0,53.7999999,-5,9.6999999,25.6999999,-18.6,2.7,-112.9,26.3999999,-95.4,-79.5,0,-4.7,0.1,0.82075,0.10182,-0.10703,0.26575,-0.42813,0.2284,-0.0374,0.40483,21.67687,6.24596,1.81279
6,country,Guatemala,0,0,0,3.4866999,5.44,-19.0544,8.1966016,6.2849425,4.7778319,9.7017279,40.0979999,10.3,22.1,45.7,41.2,38.2999999,8.5999999,16.8999999,17.03718,31.00695,50.32396,79.65604,43.90991,30.45399,54.61115,182.8027,209.3761,195.95124,200.51769,179.85393,149.2022,476.18556,389.07619
6,country,Honduras,-1,-1,-1,-0.48,-1.98,-2,-2,-0.3648456,4.2656469,9.187,6.5,2.7999999,6.5,12.199827,-6.2,1,0.6,1.5,-1,3.6,-1.4,2.1,207.6,68.1,102.6,251.9,239.3,140.8,66.1,2.5,45.6,356.7,143.1
6,country,Mexico,223.2388599,176.9097999,647,-110,1058,0,0,0,0,0,0,4403.9,902.6,1253.4,4431.9064,6468.99367,5783.75775,9705.9288,437.91945,9861.448351,14559.97502,13310.57026,22312.54108,15458.61733,7507.193082,10672.28096,159.58602,3987.916153,8364.64968,10639.54838,2265.243189,-1593.909927,12848.81266
6,country,Nicaragua,0,0,0,0,0,0,0,0,0,0,0,0,0,0,0,0,21,15.3,18.8999999,-29.1,15.1,7.7,63.4,150.1,94,45,65.3,64.5,75.1,59.1,39.5,13.9,12.8
6,country,Panama,0,0,0,0,0,0,0,0,0,0,0,0,0,0,0,0,0,0,0,0,316.8,175.7,-274.4,330.8999999,329.1,583.7,188.19,-138.3798024,180.3329226,547.0768859,91.7749615,297.5804712,114.2229153
5,region,Caribbean,29,24.4,48,61.2999999,52.7,67.5003425,94.1045163,39.6,83,358,99.4999998,147.1,180.3,341.4999999,85.3999999,442,455.4,115.001,775.9,61.1,-145.2800001,62.611802,552.803715,-253.3265993,218.5723539,184.9524113,354.1467838,49.4953299,286.9125068,368.348995,5.5227764,596.0306064,1191.618307
6,country,Anguilla,0,0,0,0,0,0,0,0,0,0,0,0,0,0,0,0,0,0,0,0,0,0,0,0,-11.40975689,23.37418,4.759383333,-3.889555556,21.40176407,6.901508148,1.089514444,2.260687407,3.164153704
6,country,Antigua and Barbuda,0,0,0,0,0,0,0,0,0,0,0,0,0,0,0,0,0,0,0,0,0,0,0,0,6.332102667,14.07552889,37.98258222,11.63688407,-1.042645926,-11.18369593,2.385033333,-3.623527037,-10.69752
6,country,Aruba,486.8912701,177.0703297,9.944134078,6.87150838,1.508379888,1.675977654,0.3351955307,-1.675977654,1.396648045,-1.787709497,2.625698324,-3.631284916,-6.201117318,-3.240223408,-8.181728659,-8.863534749,-12.82266469,39.60764615,2.581595587,1.437358212,5.804469274,3.160893855,2.813407765,4.423463687,-35.08379883,10.33519553,-0.3910614525,8.579362346,4.624964358,-1.400129609,1.457475419,3.936503966,86.95723905
6,country,Bahamas,0.1153192,1.182461,-0.39956,-0.124535,0.034866,-0.112436,0.325468,0.5,53.8999999,271.6,140.132,94.373,39.8549999,71.534,169.275,142.805,332.7129863,459.230206,409.593687,216.895437,150.448818,524.028081,158.4039762,277.141776,2679.068356,169.9060432,358.5874082,151.0660814,117.3281468,148.3908586,156.7380486,66.3021567,226.2265993
6,country,Barbados,1.35,1.3,0.85,2.6,1.1,3.29999995,3.54999995,1.19999995,0.94999995,1.3,22.83249995,25.58249995,24.97649995,25.03249995,53.5622843,156.8769881,44.44791365,82.2387617,73.432247,27.1140481,345.1284608,556.4902411,38.7357384,40.008858,-228.8443271,51.57763115,-193.5020598,-27.65217815,9.2045,27.82880575,7.5,17.6644028,15
6,country,British Virgin Islands,-2519.591858,1524.326224,42.3538896,4906.321172,1828.77451,3297.641717,2559.623113,4173.020978,2884.158934,10581.98324,36367.397,30073.089,14166.008,14942.339,10900.98,18345.04,29888.772,49765.591,46385.606,37173.201,49310.83052,53802.12279,53935.97184,69362.54061,77965.86844,60908.44366,30167.79626,50904.06425,41586.97279,44153.53547,42280.16162,43216.84854,42809.3796
6,country,Cayman Islands,281.5532705,71.2879004,53.2931775,332.6724776,12.5156522,266.0153643,850.5912634,3807.859054,3241.55167,3854.761833,8504.608,5983.789,-6024.905,6184.165,4457.308,5627.597,5598.132,6148.919,9870.355,4967.722,24859.3204,31083.82823,23268.64679,19070.90221,18018.66144,71046.34234,16603.75523,4079.220602,8261.259965,31629.91785,10834.71689,21232.31737,17989.55302
6,country,Curaçao,0,0,0,0,0,0,0,0,0,0,0,0,0,0,0,0,0,-7.37430162,-1.284916145,5.30726257,20.63114201,-31.16298028,19.10854056,26.62629743,43.47617084,18.76285994,38.82140508,-145.2670091,0,-11.14579603,6.870408045,2.804005084,12.60783933
6,country,Dominica,0,0,0,0,0,0,0,0,0,0,0,0,0,0,0,0,0,0,0,0,0,0,0,0,-1.750057037,-11.50421667,0.8826922222,-1.063626667,0.05568037037,0.05413592593,-0.3865174074,0.001286666667,0.001418148148
6,country,Dominican Republic,0,0,0,0,0,0,0,0,0,0,0,0,0,0,0,0,0,0,0,0,-203.5,-79.2,273.5,-390.6,176.8,22.4,109.4,27.2,209.2,-191.8,-99,152.9,-48.8
6,country,Grenada,0,0,0,0,0,0,0,0,0,0,0,0,0,0,0,0,0,0,0,0,0,0,0,0,6.813739259,19.06168741,16.64011481,3.511217778,18.00296556,24.44449852,-18.89480296,-1.911925926,6.33162037
6,country,Haiti,-8,-13.6,0,0,0,1.2003426,0.8045164,1,0,-1,0,0,0,0,0,0,0,0,0,0,0,0,0,0,0,0,0,0,0,0,0,0,0
6,country,Jamaica,37,38,48,61.2999999,52.7,66.2999999,93.2999999,56.6,82,94.9,74.2999999,89,73.9,116.3,60,101,85.4,115,75.9,61.1,58.2199999,74.5999999,89.8864414,74.769223,59.4800004,34.2130385,270.0859825,34.3315803,12.6707433,445.99,6.692663,56.154921,80.3866667
6,country,Netherlands Antilles,2.402,1.117,1.508,-2.1789999,1.006,1.341,-0.838,-6.368715084,-2.011173184,-1.184357542,-2.756424525,-0.5698324022,1.117318436,-0.5586592179,22.11452514,65.34636872,56.59217877,0,0,0,0,0,0,0,0,0,0,0,0,0,0,0,0
6,country,Saint Kitts and Nevis,0,0,0,0,0,0,0,0,0,0,0,0,0,0,0,0,0,0,0,0,0,0,0,0,5.405757444,-4.935065185,-3.031698148,5.918811111,28.51831741,12.25382963,2.876398148,-2.078183704,22.80534
6,country,Saint Lucia,0,0,0,0,0,0,0,0,0,0,0,0,0,0,0,0,0,0,0,0,0,0,0,0,-32.46858944,23.27465074,12.41184444,-5.753037778,-9.276997037,44.88476815,-5.783604815,-26.90413148,40.99405667
6,country,Saint Vincent and the Grenadines,0,0,0,0,0,0,0,0,0,0,0,0,0,0,0,0,0,0,0,0,0,0,0,0,5.169499926,8.101151481,-8.539878519,20.75333148,7.364285185,5.186941111,1.783341481,2.274335185,6.294234074
6,country,Sint Maarten,0,0,0,0,0,0,0,0,0,0,0,0,0,0,0,0,0,3.765363128,15.5027933,0.7094972067,3.378592123,1.055989609,-0.6624344693,1.975162793,1.213477318,0.8892813408,2.649801061,2.17877095,3.921136313,24.16185721,11.77805324,29.04044363,3.553976369
6,country,Trinidad and Tobago,0,0,0,0,0,0,0,-18,1,264.1,25.1999999,58.1,106.4,225.1999999,25.3999999,341,370,0.001,700,0,0,67.2118021,189.4172736,62.5041777,-17.7076465,128.3393728,-25.3391987,-12.0362504,65.0417635,114.158995,97.8301134,386.9756854,1160.03164
3,region,Oceania,9.943735114,29.73102082,186.9071654,0.8067056778,-3.560439422,-20.46478342,31.52192657,58.70025813,-110.477663,-25.35827178,20.04371708,15.3937107,23.20862821,15.79809569,34.68065382,57.47868856,47.74356475,22.04643414,94.44996831,74.36246891,125.972289,88.65468231,87.27728968,142.1174826,143.8853535,83.29338152,-182.2680564,-266.4067722,-436.7260342,-1139.462112,-917.1818715,-1599.073663,-2077.299919
6,country,Cook Islands,0,0,0,0,0,0,0,0,0,0,0,0,0,0,0,0,0,0,0,0,0,0,0,0,0,0.2280374,0.3139521,0.3197366,0.311363,0.3000247,0.2953196,0.3221106,0.3058183
6,country,Fiji,2.565989763,6.64154626,4.457780824,-0.4540236222,-3.688222277,11.80377294,26.22390073,-27.36063394,-28.18574405,-29.54869696,2.254982054,2.635462787,1.737619416,3.797929074,3.173595684,10.34908958,0.5776406844,-6.458504111,-7.592347416,3.374733422,5.786343187,1.171097318,1.955427429,4.398850814,38.30768003,-32.98976936,-16.42239934,-1.644991436,-3.640927814,-36.01196634,13.64806887,32.06748854,16.30775227
6,country,French Polynesia,0,0,0,0,0,1,-0.9701052,0,0,0,3.814004055,3.891884644,14.0299999,0,9.281456195,15.75527949,10.21317136,13.69117108,29.96803638,7.793935652,37.80331226,27.46761364,43.33329545,65.06492239,30.60938938,22.73995901,24.24549764,15.44137499,37.92301355,20.715096,-3.132442894,13.1145626,5.8608844
6,country,Kiribati,0,0,0,0,0.02778285505,0.07412733594,0.07825583397,0.1113271683,0.0942311679,0.0967773154,0.1159534563,0.1034425687,0.108662581,0.1297092567,0.1470858614,0.1527335487,0.007530290594,0.008367710678,0.02682229194,0.051,0.06,0.067,0.067,0.157,0.146,0.122,0.121,0.124,0.1213112,0.1223333,0.1118628,0.1013827,0.1118596
6,country,"Micronesia, Federated States of",0,0,0,0,0,0,0,0,0,0,0,0,0,0,0,0,0,0,0,0,0,0,0,0,-0.5119,0,0,0,0,0,0,0,0
6,country,New Caledonia,0,0,0,0,0,0,0,0,0,0,1.737147596,3.31447594,3.61998964,14.03548847,11.02953315,30.61536672,30.53890879,6.877527898,63.74299319,58.30445939,75.98131582,39.66965909,108.9527273,61.41098986,58.3029635,57.90383516,79.76304282,78.5170706,96.07427337,76.20866159,54.79865039,40,57.0024373
6,country,Palau,-1,1,0,0,0,0,0,0.01,-0.038,0,0,0,0,0,0,0,0,0,0,0,0,0,0,0,0,0,0,0,0,0,0,0,0
6,country,Papua New Guinea,8.376963351,22.06556836,182.4471344,1.26,0.1,-33.3426837,6.1898752,85.9395649,-82.3481501,0.5292097,1.258015355,-0.6492126821,-0.770174727,-3.030770742,-0.01551571121,-6.575541192,-1.073042107,-7.735680442,-0.0870341359,-4.428087139,-0.2206458303,-0.6326524587,-88.78650445,0,0,19.81553831,-289.0216728,-368.8457111,-578.412567,-1210.752066,-990.3394594,-1690.958116,-2161.820875
6,country,Samoa,0,0,0,0,0,0,0,0,0,0,0,0,0,-5.045001413,-0.7192381829,0,0,0,0,0,0,0.5933194389,11.2633574,0.09794019646,4.430435678,3.796735875,15.28904914,0.09897290145,0.03770697412,4.314424277,1.573002157,0.7211536204,-0.09208009824
6,country,Solomon Islands,0,0,0,0,0,0,0,0,0,0,0.0589515,0.729339,1.12199,0.0267238,0.0140121,1.5761,4.752636836,12.1991636,3.750296841,2.98583246,2.291524583,3.741006051,2.540651512,3.002818352,0.670069895,4.837965846,1.345170147,7.065581885,8.997290791,4.0258335,3.415563713,4.956887502,2.396043285
6,country,Tonga,0.000782,0.0239062,0.0022502,0.0007293,0,0,0,0,0,3.564438163,10.80466307,5.368318445,2.64214027,5.032876802,10.80362758,4.580451252,1.678282968,2.28318611,3.397788297,5.062693845,3.095504174,15.61641459,7.443981134,7.498407293,11.479502,5.318744729,1.173465243,1.450609029,0.5,1.443843,0.6106583,-0.0587831,0.4084836
6,country,Vanuatu,0,0,0,0,0,0,0,0,0,0,0,0,0.7184011265,0.8511404464,0.9660971464,1.025209161,1.048435932,1.181202288,1.243412872,1.217901275,1.174934834,0.9612246449,0.5073539333,0.4865536663,0.4512130058,1.520334543,0.9248386725,1.066584258,1.362501702,0.1717037457,1.836905,0.6596511,2.219757
2,region,Least developed countries (LDCs),-4.6455959,350.9422754,176.717911,85.1831076,130.2448743,1.222753136,47.01197823,545.4496174,-666.8806839,332.4853815,794.9292056,-239.3361654,610.0881708,360.231723,1129.124483,738.4322305,735.1422084,1501.520908,3560.724469,1051.651894,4377.395588,3375.228548,2755.365434,2929.025227,410.6795259,688.5085424,1929.701006,2207.910838,796.890895,-307.6397315,1400.259104,-591.5320192,1366.604365
2,region,Landlocked countries (LLCs),32.5268312,53.9079658,82.791438,50.6614374,114.6904693,101.5253359,66.76999404,23.87375461,94.10844573,36.60117099,35.25552482,352.0513983,806.7414177,1042.673105,9.870891667,1005.602279,330.3463904,3475.183573,1924.048485,3970.894686,9375.221347,6403.380592,2209.721862,4595.535598,5868.660403,4632.563978,-1781.211954,3907.802213,969.0762171,801.116353,-1448.06669,1592.784697,-2231.995132
2,region,Small island developing states (SIDS),42.01128536,60.49899396,98.788229,98.23920888,64.97003703,102.5453781,138.8981331,26.17999699,126.433909,621.4434005,296.1188377,287.2791413,268.7695647,445.5233636,361.8969194,854.9038453,861.8880948,743.2152299,1325.080823,361.6220248,523.6004174,1296.87994,971.537361,244.4246896,2877.323684,577.8807522,622.3660944,-210.7751596,571.6020098,1294.303877,950.799461,806.5950055,1558.795588